{
  "RandomForest": {
    "RMSE": 0.009177027204190656,
    "MAE": 0.0057117501378032435
  },
  "XGBoost": {
    "RMSE": 0.007523664976663757,
    "MAE": 0.004982459287182107
  }
}