{
  "LSTM": {
    "RMSE": 0.07789647252065585,
    "MAE": 0.057710452590575945
  }
}