{
  "ARIMA": {
    "RMSE": 0.1345141284754433,
    "MAE": 0.10809621290925049
  },
  "Prophet": {
    "RMSE": 0.14652461262204033,
    "MAE": 0.11907264879045071
  }
}