{
  "RandomForest": {
    "RMSE": 0.010328677892490685,
    "MAE": 0.00501260868228738
  },
  "XGBoost": {
    "RMSE": 0.007897333827833619,
    "MAE": 0.004349475305767314
  }
}