{
  "ARIMA": {
    "RMSE": 0.1798685959264732,
    "MAE": 0.15475549679394227
  },
  "Prophet": {
    "RMSE": 0.15811082428561193,
    "MAE": 0.13042016802109452
  }
}