{
  "LSTM": {
    "RMSE": 0.05360833155170781,
    "MAE": 0.03944914164543504
  }
}