{
  "LSTM": {
    "RMSE": 0.04014857849234686,
    "MAE": 0.028984602200289096
  }
}