{
  "RandomForest": {
    "RMSE": 0.007334460428911045,
    "MAE": 0.003857929143651356
  },
  "XGBoost": {
    "RMSE": 0.005693497015219665,
    "MAE": 0.00329526170699309
  }
}