{
  "ARIMA": {
    "RMSE": 0.08552388102189436,
    "MAE": 0.06869501526683947
  },
  "Prophet": {
    "RMSE": 0.09557531620699915,
    "MAE": 0.07715793734324287
  }
}